{
    "1aa8417a-f5ea-4e77-a16e-50a536035a00":{
        "device_uid":"d7451336-7d58-42d6-9986-e766937640dc",
        "pos_x":233.375,
        "pos_y":-195.25
    },
    "37850673-95ab-46bc-972b-c7cc8e57bc2e":{
        "device_uid":"57414b7d-e354-407b-828c-ff38f318eea0",
        "pos_x":480.52963458111,
        "pos_y":-441.81907308378
    },
    "24642684-3b34-45f5-8d8b-20e281ee7f32":{
        "device_uid":"7d56269a-48f0-4908-a8a9-1156a8ec4930",
        "pos_x":511.80102495544,
        "pos_y":-361.68226381462
    }
}